,,DataSheet,DataSheet,DataSheet,DataSheet,DataSheet,DataSheet,DataSheet,DataSheet,DataSheet,DataSheet,DataSheet,DataSheet,DataSheet,DataSheet,DataSheet,DataSheet,DataSheet,DataSheet,DataSheet,DataSheet,DataSheet,DataSheet,DataSheet,DataSheet,DataSheet,DataSheet,Solution_7PFF,Solution_7PFF,Solution_7PFF,Solution_7PFF,Solution_7PFF,Solution_7PFF,Solution_7PFF,Solution_7PFF,Solution_7PFF,Solution_7PFF,Solution_7PFF,Solution_7PFF,Solution_7PFF,Solution_7PFF,Solution_7PFF,Solution_7PFF,Solution_7PFF,Solution_7PFF,Solution_7PFF,Solution_7PFF,Solution_7PFF,Solution_7PFF,Solution_7PFF,Solution_7PFF,Solution_7PFF,Solution_7PFF,Solution_7PFF,Prediction_7PFF,Prediction_7PFF,Prediction_7PFF,Prediction_7PFF,Prediction_7PFF,Prediction_7PFF,Prediction_7PFF,Prediction_7PFF,Prediction_7PFF,Prediction_7PFF,Prediction_7PFF,Prediction_7PFF,Prediction_7PFF,Prediction_7PFF,Prediction_7PFF,Temperature_7PFF,Temperature_7PFF,Temperature_7PFF,Temperature_7PFF,Temperature_7PFF,Temperature_7PFF,Temperature_7PFF,Temperature_7PFF,Temperature_7PFF,Temperature_7PFF,Temperature_7PFF,Temperature_7PFF,Temperature_7PFF,Temperature_7PFF,Temperature_7PFF,Temperature_7PFF,Temperature_7PFF,Temperature_7PFF,Temperature_7PFF,Temperature_7PFF,Temperature_7PFF,Temperature_7PFF,Temperature_7PFF,Temperature_7PFF,Temperature_7PFF,Temperature_7PFF,Temperature_7PFF,Temperature_7PFF,Temperature_7PFF,Temperature_7PFF,Temperature_7PFF,Temperature_7PFF,Temperature_7PFF,Temperature_7PFF,Temperature_7PFF,Temperature_7PFF,Temperature_7PFF,Temperature_7PFF,Temperature_7PFF,Temperature_7PFF,Temperature_7PFF,Temperature_7PFF,Temperature_7PFF,Temperature_7PFF,Temperature_7PFF,Temperature_7PFF,Temperature_7PFF,Temperature_7PFF,Temperature_7PFF,Temperature_7PFF,Temperature_7PFF,Temperature_7PFF,Temperature_7PFF,Temperature_7PFF,Temperature_7PFF,Temperature_7PFF,Temperature_7PFF,Temperature_7PFF,Temperature_7PFF,Temperature_7PFF,Temperature_7PFF,Temperature_7PFF,Temperature_7PFF,Temperature_7PFF,Temperature_7PFF,Temperature_7PFF,Temperature_7PFF,Temperature_7PFF,Temperature_7PFF,Temperature_7PFF,Temperature_7PFF,Temperature_7PFF,Temperature_7PFF,Temperature_7PFF,Temperature_7PFF,Temperature_7PFF,Temperature_7PFF,Temperature_7PFF,Temperature_7PFF,Temperature_7PFF,Temperature_7PFF,Temperature_7PFF,Temperature_7PFF,Temperature_7PFF,Temperature_7PFF,Temperature_7PFF,Temperature_7PFF,Solution_11PFF,Solution_11PFF,Solution_11PFF,Solution_11PFF,Solution_11PFF,Solution_11PFF,Solution_11PFF,Solution_11PFF,Solution_11PFF,Solution_11PFF,Solution_11PFF,Solution_11PFF,Solution_11PFF,Solution_11PFF,Solution_11PFF,Solution_11PFF,Solution_11PFF,Solution_11PFF,Solution_11PFF,Solution_11PFF,Solution_11PFF,Solution_11PFF,Solution_11PFF,Solution_11PFF,Solution_11PFF,Solution_11PFF,Solution_11PFF,Solution_11PFF,Solution_11PFF,Solution_11PFF,Solution_11PFF,Prediction_11PFF,Prediction_11PFF,Prediction_11PFF,Prediction_11PFF,Prediction_11PFF,Prediction_11PFF,Prediction_11PFF,Prediction_11PFF,Prediction_11PFF,Prediction_11PFF,Prediction_11PFF,Prediction_11PFF,Prediction_11PFF,Prediction_11PFF,Prediction_11PFF,Temperature_11PFF,Temperature_11PFF,Temperature_11PFF,Temperature_11PFF,Temperature_11PFF,Temperature_11PFF,Temperature_11PFF,Temperature_11PFF,Temperature_11PFF,Temperature_11PFF,Temperature_11PFF,Temperature_11PFF,Temperature_11PFF,Temperature_11PFF,Temperature_11PFF,Temperature_11PFF,Temperature_11PFF,Temperature_11PFF,Temperature_11PFF,Temperature_11PFF,Temperature_11PFF,Temperature_11PFF,Temperature_11PFF,Temperature_11PFF,Temperature_11PFF,Temperature_11PFF,Temperature_11PFF,Temperature_11PFF,Temperature_11PFF,Temperature_11PFF,Temperature_11PFF,Temperature_11PFF,Temperature_11PFF,Temperature_11PFF,Temperature_11PFF,Temperature_11PFF,Temperature_11PFF,Temperature_11PFF,Temperature_11PFF,Temperature_11PFF,Temperature_11PFF,Temperature_11PFF,Temperature_11PFF,Temperature_11PFF,Temperature_11PFF,Temperature_11PFF,Temperature_11PFF,Temperature_11PFF,Temperature_11PFF,Temperature_11PFF,Temperature_11PFF,Temperature_11PFF,Temperature_11PFF,Temperature_11PFF,Temperature_11PFF,Temperature_11PFF,Temperature_11PFF,Temperature_11PFF,Temperature_11PFF,Temperature_11PFF,Temperature_11PFF,Temperature_11PFF,Temperature_11PFF,Temperature_11PFF,Temperature_11PFF,Temperature_11PFF,Temperature_11PFF,Temperature_11PFF,Temperature_11PFF,Temperature_11PFF,Temperature_11PFF,Temperature_11PFF,Temperature_11PFF,Temperature_11PFF,Temperature_11PFF,Temperature_11PFF,Temperature_11PFF,Temperature_11PFF,Temperature_11PFF,Temperature_11PFF,Temperature_11PFF,Temperature_11PFF,Temperature_11PFF,Temperature_11PFF,Temperature_11PFF,Temperature_11PFF,Temperature_11PFF
,,STC,STC,STC,STC,STC,STC,STC,NOCT,NOCT,NOCT,NOCT,NOCT,NOCT,NOCT,LIC,LIC,LIC,LIC,LIC,LIC,LIC,alpha,beta,gamma,N_s,N_p,converge,n_max,n_iter,b_min,b_max,Rs1_min,Rs1_max,b1_0,Rs1_0,mI0_0,Ffp,Ftc,Ftc2,ePlus,S_ref,T_ref,b_ref,IL_ref,I0_ref,Rs_ref,Gp_ref,mI0,mRs,mGp,alphaT,deltaI0,deltaRs,STC,STC,STC,STC,STC,NOCT,NOCT,NOCT,NOCT,NOCT,LIC,LIC,LIC,LIC,LIC,alpha,alpha,beta,beta,gamma,gamma,Npts,T,T,T,T,T,T,T,T,T,T,T,T,T,T,T,T,T,T,T,T,alpha,alpha,alpha,alpha,alpha,alpha,alpha,alpha,alpha,alpha,alpha,alpha,alpha,alpha,alpha,alpha,alpha,alpha,alpha,alpha,beta,beta,beta,beta,beta,beta,beta,beta,beta,beta,beta,beta,beta,beta,beta,beta,beta,beta,beta,beta,gamma,gamma,gamma,gamma,gamma,gamma,gamma,gamma,gamma,gamma,gamma,gamma,gamma,gamma,gamma,gamma,gamma,gamma,gamma,gamma,converge,n_max,n_iter,b_min,b_max,Rs1_min,Rs1_max,b1_0,Rs1_0,mI0_0,mRs_0,mGp_0,eF1,eF2,eF3,eF4,eF5,ePlus,S_ref,T_ref,b_ref,IL_ref,I0_ref,Rs_ref,Gp_ref,mI0,mRs,mGp,alphaT,deltaI0,deltaRs,STC,STC,STC,STC,STC,NOCT,NOCT,NOCT,NOCT,NOCT,LIC,LIC,LIC,LIC,LIC,alpha,alpha,beta,beta,gamma,gamma,Npts,T,T,T,T,T,T,T,T,T,T,T,T,T,T,T,T,T,T,T,T,alpha,alpha,alpha,alpha,alpha,alpha,alpha,alpha,alpha,alpha,alpha,alpha,alpha,alpha,alpha,alpha,alpha,alpha,alpha,alpha,beta,beta,beta,beta,beta,beta,beta,beta,beta,beta,beta,beta,beta,beta,beta,beta,beta,beta,beta,beta,gamma,gamma,gamma,gamma,gamma,gamma,gamma,gamma,gamma,gamma,gamma,gamma,gamma,gamma,gamma,gamma,gamma,gamma,gamma,gamma
,,S,T,Voc,Isc,Vpmax,Ipmax,Pmax,S,T,Voc,Isc,Vpmax,Ipmax,Pmax,S,T,Voc,Isc,Vpmax,Ipmax,Pmax,,,,,,,,,,,,,,,,,,,,,,,,,,,,,,,,,Voc,Isc,Vmp,Imp,Pmp,Voc,Isc,Vmp,Imp,Pmp,Voc,Isc,Vmp,Imp,Pmp,T,mean,T,mean,T,mean,,0,1,2,3,4,5,6,7,8,9,10,11,12,13,14,15,16,17,18,19,0,1,2,3,4,5,6,7,8,9,10,11,12,13,14,15,16,17,18,19,0,1,2,3,4,5,6,7,8,9,10,11,12,13,14,15,16,17,18,19,0,1,2,3,4,5,6,7,8,9,10,11,12,13,14,15,16,17,18,19,,,,,,,,,,,,,,,,,,,,,,,,,,,,,,,,Voc,Isc,Vmp,Imp,Pmp,Voc,Isc,Vmp,Imp,Pmp,Voc,Isc,Vmp,Imp,Pmp,T,mean,T,mean,T,mean,,0,1,2,3,4,5,6,7,8,9,10,11,12,13,14,15,16,17,18,19,0,1,2,3,4,5,6,7,8,9,10,11,12,13,14,15,16,17,18,19,0,1,2,3,4,5,6,7,8,9,10,11,12,13,14,15,16,17,18,19,0,1,2,3,4,5,6,7,8,9,10,11,12,13,14,15,16,17,18,19
Technology,Module,,,,,,,,,,,,,,,,,,,,,,,,,,,,,,,,,,,,,,,,,,,,,,,,,,,,,,,,,,,,,,,,,,,,,,,,,,,,,,,,,,,,,,,,,,,,,,,,,,,,,,,,,,,,,,,,,,,,,,,,,,,,,,,,,,,,,,,,,,,,,,,,,,,,,,,,,,,,,,,,,,,,,,,,,,,,,,,,,,,,,,,,,,,,,,,,,,,,,,,,,,,,,,,,,,,,,,,,,,,,,,,,,,,,,,,,,,,,,,,,,,,,,,,,,,,,,,,,,,,,,,,,,,,,,,,,,,,,,,,,,,,,,,,,
CIGS,CIGS1-001,1000,25,42.29,2.505,33.13,2.223,73.64799,800,50,37.94,2.007,29.31,1.763,51.67353,200,25,38.41,0.503,30.74,0.424,13.03376,0.000258347,-0.1368806,-0.3029072,72,3,TRUE,2,280,0.270289892,1.081159569,1.00E-06,1.982816951,0.606275216,1.930896864,1,-0.010747914,0.025830553,-0.085247719,0,1000,298.15,0.616245171,2.529679729,1.11E-11,1.937306885,0.005085507,1,0,1,0.000258347,1,-0.000995506,42.29,2.505,33.13850026,2.222430985,73.64802979,39.01804163,2.013431434,30.63138365,1.782730007,54.60748679,42.29,0.504940991,36.23494887,0.449233254,16.277944,43.9653689,0.000279751,43.76452418,-0.123968337,48.26278514,-0.380189312,20,25,27,29,31,33,35,37,39,41,43,45,47,49,51,53,55,57,59,61,63,0.000280156,0.000280113,0.00028007,0.000280027,0.000279984,0.000279942,0.000279899,0.000279856,0.000279814,0.000279772,0.000279729,0.000279687,0.000279645,0.000279603,0.00027956,0.000279518,0.000279476,0.000279434,0.000279391,0.000279349,-0.13026517,-0.129595661,-0.128921675,-0.128245403,-0.127568632,-0.126892816,-0.126219134,-0.125548545,-0.12488182,-0.124219581,-0.123562325,-0.122910445,-0.12226425,-0.121623979,-0.120989812,-0.120361883,-0.119740284,-0.119125078,-0.118516297,-0.117913953,-0.288522186,-0.291179801,-0.294442153,-0.298402513,-0.30316255,-0.30883381,-0.31553926,-0.323414877,-0.332611232,-0.343295019,-0.355650455,-0.369880472,-0.386207621,-0.404874596,-0.4261443,-0.45029935,-0.477640934,-0.508486907,-0.543169022,-0.58202919,TRUE,2,154,0.270289892,1.081159569,1.00E-06,2.324140846,0.616245171,1.937306885,1,0,1,-4.93E-05,4.84E-05,0.000125796,0.008588544,-0.002881525,0,1000,298.15,0.784469494,2.538212477,8.97E-15,2.286640034,0.005798234,-0.277680243,-0.997883383,0.688537714,0.000258076,1.322904399,-0.000111282,42.29,2.505,33.13003231,2.222997832,73.64799,38.45397119,2.007295069,29.29621846,1.770944093,51.88196502,39.59205756,0.496805637,30.75823975,0.42131909,12.95903358,44.53811567,0.000258346,43.76619885,-0.129996919,49.19820546,-0.463087212,20,25,27,29,31,33,35,37,39,41,43,45,47,49,51,53,55,57,59,61,63,0.000258347,0.000258347,0.000258347,0.000258347,0.000258347,0.000258347,0.000258347,0.000258347,0.000258347,0.000258346,0.000258346,0.000258346,0.000258346,0.000258346,0.000258346,0.000258346,0.000258346,0.000258346,0.000258346,0.000258346,-0.1368806,-0.136161594,-0.135431328,-0.13469421,-0.133953658,-0.133212319,-0.132472244,-0.131735017,-0.131001855,-0.130273691,-0.129551236,-0.128835024,-0.128125451,-0.127422805,-0.126727289,-0.126039038,-0.125358135,-0.124684621,-0.124018503,-0.123359765,-0.3029072,-0.305905906,-0.309795636,-0.314767343,-0.321039451,-0.328865563,-0.338542757,-0.350419964,-0.364905823,-0.38247532,-0.40367454,-0.429122764,-0.459511064,-0.495596325,-0.538189382,-0.588135792,-0.646287763,-0.71346601,-0.790411043,-0.87772459
CIGS,CIGS39013,1000,25,40.68,5.968,28.11,4.544,127.73184,800,50,36.71,4.752,24.94,3.527,87.96338,200,25,33.83,1.218,23.07,0.77,17.7639,-0.0017502,-0.130304,-0.64617,72,7,TRUE,2,1200,0.270289892,1.081159569,1.00E-06,1.609711202,0.685238338,1.855625676,1,0.085837506,-0.313030406,-0.321822641,0,1000,298.15,0.441578417,6.32943877,7.48E-08,1.545030739,0.039197974,1,0,1,-0.0017502,1,0.001850322,40.68,5.968,28.05890179,4.55233338,127.7334752,34.64968302,4.785641378,23.334053,3.669784718,85.63095111,40.68,1.250738273,32.60684758,0.947630045,30.89922844,49.47184891,-0.002326083,44.27503412,-0.230229957,47.99916226,-1.677788314,20,25,27,29,31,33,35,37,39,41,43,45,47,49,51,53,55,57,59,61,63,-0.00228149,-0.00228358,-0.002285756,-0.002288045,-0.00229048,-0.002293103,-0.002295972,-0.002299159,-0.002302755,-0.00230688,-0.002311684,-0.002317359,-0.002324147,-0.002332354,-0.002342365,-0.002354662,-0.00236985,-0.002388682,-0.002412094,-0.002441246,-0.240525818,-0.239750737,-0.23885676,-0.23787158,-0.236817135,-0.235710784,-0.234566246,-0.233394361,-0.232203686,-0.231000978,-0.229791565,-0.228579648,-0.227368532,-0.226160816,-0.224958536,-0.22376328,-0.222576282,-0.221398493,-0.220230637,-0.219073259,-1.075216758,-1.094591115,-1.116914865,-1.143049194,-1.173922539,-1.210559029,-1.254096648,-1.305789564,-1.366989721,-1.439103853,-1.523523195,-1.621524813,-1.734146162,-1.862038847,-2.005313788,-2.163397086,-2.334922094,-2.517685482,-2.708690803,-2.904290718,TRUE,2,111,0.270289892,1.081159569,1.00E-06,1.162357381,0.441578417,1.545030739,1,0,1,-0.002609529,0.005320342,-0.003193615,0.018412653,-0.00700026,0,1000,298.15,0.270289892,6.163454907,8.25E-05,1.065394577,0.030680877,-0.1568861,0.390506164,0.352779279,-0.00178148,0.395447447,7.29E-06,40.68,5.968,28.11209251,4.54366185,127.7318423,36.24112258,4.762230595,24.94185734,3.542598923,88.35899695,32.37203874,1.220607073,23.04946612,0.763813277,17.60548825,46.93251419,-0.001806017,43.8277921,-0.125465947,45.92871138,-0.726798357,20,25,27,29,31,33,35,37,39,41,43,45,47,49,51,53,55,57,59,61,63,-0.0017502,-0.00175316,-0.001756442,-0.001760078,-0.001764099,-0.00176854,-0.001773438,-0.001778833,-0.001784767,-0.001791287,-0.001798441,-0.001806281,-0.001814862,-0.001824244,-0.001834488,-0.001845661,-0.001857834,-0.001871081,-0.001885481,-0.001901119,-0.130304,-0.129787335,-0.129270068,-0.128752797,-0.128236055,-0.127720315,-0.127205998,-0.126693475,-0.126183077,-0.125675093,-0.125169781,-0.124667364,-0.124168039,-0.123671977,-0.123179326,-0.122690214,-0.122204751,-0.121723029,-0.121245128,-0.12077111,-0.64617,-0.651675028,-0.657573353,-0.663890601,-0.670651892,-0.677881911,-0.685604963,-0.693845026,-0.702625784,-0.71197067,-0.721902881,-0.732445394,-0.743620973,-0.755452161,-0.767961266,-0.781170334,-0.795101114,-0.809775013,-0.825213038,-0.841435731
CIGS,CIGS39017,1000,25,41.37,6.294,28.59,4.916,140.54844,800,50,37.5,5.059,25.81,3.857,99.54917,200,25,35.4,1.281,24.05,0.885,21.28425,-0.001817536,-0.131085886,-0.765302194,72,8,TRUE,2,1148,0.270289892,1.081159569,1.00E-06,1.329646403,0.682190561,1.750008924,1,0.07230267,-0.471803915,-0.322367227,0,1000,298.15,0.344660473,6.538842493,3.39E-06,1.27571626,0.030487113,1,0,1,-0.001817536,1,0.002663576,41.37,6.294,28.54460946,4.923861913,140.5497153,32.74435916,5.02652145,21.5557865,3.869624986,83.41281005,41.37,1.297673916,32.49001582,1.024103364,33.2731345,51.02466843,-0.002784524,44.22652898,-0.329004619,47.66831715,-2.951122069,20,25,27,29,31,33,35,37,39,41,43,45,47,49,51,53,55,57,59,61,63,-0.00238513,-0.002390999,-0.002397937,-0.002406294,-0.002416531,-0.002429246,-0.002445223,-0.002465475,-0.002491314,-0.00252443,-0.00256699,-0.002621769,-0.002692303,-0.002783084,-0.002899796,-0.003049605,-0.003241509,-0.003486763,-0.003799376,-0.004196701,-0.344149685,-0.34302274,-0.341705987,-0.340247343,-0.338683839,-0.337044054,-0.335350022,-0.333618731,-0.331863266,-0.330093709,-0.328317819,-0.326541563,-0.324769519,-0.323005195,-0.321251263,-0.319509749,-0.317782177,-0.316069678,-0.314373078,-0.312692966,-1.696002934,-1.735409551,-1.781626148,-1.836453487,-1.901864527,-1.98008304,-2.07362601,-2.185285375,-2.318029088,-2.474808887,-2.658271611,-2.870383982,-3.112000069,-3.38242635,-3.679066317,-3.997243111,-4.330290063,-4.669955241,-5.007091755,-5.332523845,TRUE,2,78,0.270289892,1.081159569,1.00E-06,1.108277328,0.344660473,1.27571626,1,0,1,-0.002496996,0.004909171,-0.002312873,0.019102161,-0.006660986,0,1000,298.15,0.270289892,6.462878172,7.52E-05,1.039430698,0.02575792,-0.32221687,1.49629436,0.396345749,-0.001516551,0.40006945,0.001923981,41.37,6.294,28.59181554,4.915687905,140.5484419,36.79772374,5.046303057,25.81303184,3.873412453,99.98451897,32.60784581,1.290928174,24.03091709,0.879061066,21.12464359,46.92769018,-0.001896295,43.76685703,-0.126057613,45.82555816,-0.856753134,20,25,27,29,31,33,35,37,39,41,43,45,47,49,51,53,55,57,59,61,63,-0.001817536,-0.001821932,-0.001826735,-0.001831989,-0.00183774,-0.001844037,-0.001850936,-0.001858495,-0.001866777,-0.001875853,-0.001885797,-0.001896689,-0.001908616,-0.001921673,-0.001935959,-0.001951582,-0.00196866,-0.001987314,-0.00200768,-0.002029899,-0.131085886,-0.130540302,-0.129996133,-0.129453816,-0.128913734,-0.128376227,-0.127841591,-0.127310084,-0.126781933,-0.126257333,-0.125736453,-0.125219437,-0.124706409,-0.124197473,-0.123692716,-0.123192208,-0.122696008,-0.122204161,-0.121716701,-0.121233653,-0.765302194,-0.771606444,-0.778372978,-0.785625733,-0.793387654,-0.801680805,-0.810526473,-0.819945274,-0.829957236,-0.840581876,-0.85183826,-0.863745051,-0.876320525,-0.889582583,-0.903548723,-0.918235999,-0.933660953,-0.949839521,-0.966786917,-0.984517485
CIGS,CIGS8-001,1000,25,42.23,2.53,32.54,2.153,70.05862,800,50,37.95,2.047,28.88,1.757,50.74216,200,25,37.45,0.511,28.1,0.377,10.5937,0.000224585,-0.127383337,-0.257378512,72,3,TRUE,2,252,0.270289892,1.081159569,1.00E-06,2.490856834,0.583388421,2.19305372,1,-0.0595496,0.113300439,-0.221190602,0,1000,298.15,0.689156068,2.583551707,5.07E-13,2.40173394,0.008813084,1,0,1,0.000224585,1,-0.001016397,42.23,2.53,32.58774057,2.149882847,70.05982447,39.67857841,2.037693814,30.9216986,1.734239147,53.62562019,42.23,0.514532154,36.30857759,0.435505274,15.81257704,43.93732794,0.000272323,43.82646122,-0.096834993,47.92512323,-0.254137669,20,25,27,29,31,33,35,37,39,41,43,45,47,49,51,53,55,57,59,61,63,0.000273231,0.000273135,0.000273038,0.000272942,0.000272846,0.00027275,0.000272654,0.000272558,0.000272463,0.000272367,0.000272272,0.000272177,0.000272083,0.000271988,0.000271894,0.0002718,0.000271706,0.000271612,0.000271518,0.000271425,-0.101521065,-0.101031181,-0.100536044,-0.100037405,-0.099536725,-0.099035222,-0.098533911,-0.098033638,-0.097535103,-0.097038887,-0.096545471,-0.09605525,-0.095568546,-0.095085622,-0.09460669,-0.094131918,-0.093661439,-0.093195353,-0.092733737,-0.092276645,-0.206419737,-0.208038168,-0.209968859,-0.212258469,-0.214956592,-0.218116299,-0.221794682,-0.22605337,-0.230959033,-0.236583839,-0.24300587,-0.250309475,-0.258585548,-0.267931714,-0.278452401,-0.290258793,-0.303468635,-0.318205875,-0.334600122,-0.352785894,TRUE,2,145,0.270289892,1.081159569,1.00E-06,2.679329155,0.689156068,2.40173394,1,0,1,0.001419931,-0.00263557,0.000399214,-0.042077443,0.013600197,0,1000,298.15,0.789963657,2.590295437,7.17E-15,2.618808442,0.009100394,-3,-0.271334297,0.532875062,0.000190213,1.285079636,-0.000658829,42.23,2.53,32.53899062,2.153066806,70.05862059,37.79299352,2.031124573,28.94341885,1.718029918,49.72565953,33.91512763,0.510079279,28.10687441,0.389754179,10.95477175,43.95934367,0.000224168,43.83923532,-0.121168127,48.98611783,-0.374378583,20,25,27,29,31,33,35,37,39,41,43,45,47,49,51,53,55,57,59,61,63,0.000224585,0.000224541,0.000224497,0.000224453,0.000224408,0.000224365,0.000224321,0.000224277,0.000224233,0.000224189,0.000224145,0.000224102,0.000224058,0.000224015,0.000223971,0.000223928,0.000223884,0.000223841,0.000223798,0.000223754,-0.127383337,-0.126753839,-0.126108132,-0.125451215,-0.124787032,-0.124118692,-0.123448648,-0.122778829,-0.122110753,-0.121445611,-0.120784332,-0.12012764,-0.119476091,-0.118830113,-0.118190027,-0.117556069,-0.11692841,-0.116307167,-0.115692412,-0.115084185,-0.257378512,-0.259910985,-0.263096094,-0.267078134,-0.272018585,-0.278100546,-0.285533275,-0.294556633,-0.305445219,-0.318511913,-0.33411053,-0.352637268,-0.374530546,-0.400268798,-0.430365632,-0.465361771,-0.505813078,-0.552274094,-0.605276642,-0.66530341
CdTe,CdTe75638,1000,25,87.79,1.197,63.67,1.01,64.3067,800,50,81.75,0.959,60.39,0.823,49.70097,200,25,82.24,0.223,64.1,0.182,11.6662,0.000435414,-0.209170902,-0.13614014,156,1,TRUE,2,328,0.124749181,0.498996724,1.00E-06,15.46006828,0.338961529,15.15027179,1,0.021248135,0.002575699,-0.363184178,0,1000,298.15,0.333190284,1.235829464,2.08E-13,15.26525309,0.002125021,1,0,1,0.000435414,1,-0.004436319,87.79,1.197,63.59236412,1.01124281,64.30732101,82.57624212,0.974731889,61.89006032,0.82546071,51.08781317,87.79,0.245572667,74.59873333,0.206711735,15.42043357,43.72420464,0.000576727,43.99507166,-0.198500823,47.20638222,-0.164056288,20,25,27,29,31,33,35,37,39,41,43,45,47,49,51,53,55,57,59,61,63,0.000588581,0.00058727,0.00058597,0.000584681,0.000583402,0.000582134,0.000580877,0.00057963,0.000578394,0.000577167,0.000575951,0.000574745,0.000573549,0.000572363,0.000571187,0.000570021,0.000568864,0.000567718,0.00056658,0.000565452,-0.207507132,-0.206624518,-0.205714988,-0.204784401,-0.203837687,-0.202878994,-0.201911813,-0.200939081,-0.19996327,-0.198986455,-0.198010381,-0.197036511,-0.19606607,-0.195100083,-0.194139401,-0.193184735,-0.192236667,-0.191295679,-0.190362162,-0.189436431,-0.127406701,-0.129212745,-0.131224281,-0.133467357,-0.135969617,-0.138760432,-0.141871021,-0.145334575,-0.149186367,-0.153463867,-0.158206846,-0.163457475,-0.169260423,-0.175662941,-0.182714937,-0.190469038,-0.198980646,-0.208307959,-0.218511988,-0.229656536,TRUE,2,288,0.124749181,0.498996724,1.00E-06,17.58284704,0.333190284,15.26525309,1,0,1,0.000311917,-0.000505456,0.000179331,-0.009023211,0.003309864,0,1000,298.15,0.498996722,1.247960168,9.75E-20,17.37960375,0.002449609,-2.894093745,-0.03277543,0.628641759,0.000282626,1.531528922,-0.003361948,87.79,1.197,63.66915255,1.010013445,64.3067001,80.63000372,0.970754772,60.4890124,0.814602854,49.27452215,74.9851857,0.245584792,64.0913172,0.185160986,11.86721146,43.79512926,0.000426419,43.89985666,-0.199111212,48.45960564,-0.191675699,20,25,27,29,31,33,35,37,39,41,43,45,47,49,51,53,55,57,59,61,63,0.000435414,0.000434432,0.000433455,0.000432485,0.000431521,0.000430562,0.00042961,0.000428663,0.000427723,0.000426788,0.000425859,0.000424935,0.000424018,0.000423106,0.0004222,0.000421299,0.000420404,0.000419514,0.00041863,0.000417752,-0.209170902,-0.208187494,-0.207165241,-0.206115076,-0.20504558,-0.203963494,-0.202874108,-0.20178158,-0.200689166,-0.199599421,-0.198514339,-0.197435473,-0.196364028,-0.195300929,-0.194246882,-0.193202417,-0.192167922,-0.191143678,-0.190129874,-0.189126628,-0.13614014,-0.137725452,-0.139634226,-0.141929765,-0.144681912,-0.147967938,-0.151873435,-0.156493211,-0.161932166,-0.168306139,-0.175742685,-0.184381748,-0.194376162,-0.205891916,-0.219108114,-0.234216524,-0.251420619,-0.270934024,-0.292978241,-0.317779572
CdTe,CdTe75669,1000,25,86.33,1.192,62.17,1.003,62.35651,800,50,80.29,0.958,59.19,0.817,48.35823,200,25,80.3,0.221,62.76,0.181,11.35956,0.000457147,-0.2024946,-0.1400202,144,1,TRUE,2,28,0.135144946,0.540579785,1.00E-06,15.88678187,0.358591817,15.67428942,1,0.004132933,0.011112745,-0.280023112,0,1000,298.15,0.34363919,1.23369674,1.36E-13,15.63724191,0.002236998,1,0,1,0.000457147,1,-0.003453578,86.33,1.192,62.15495373,1.003243176,62.35653322,81.37832884,0.971170768,60.51577758,0.819410898,49.58728765,86.33,0.245025128,73.33724521,0.205275896,15.05436871,43.78668069,0.000573309,44.01222078,-0.188600433,47.31186242,-0.162762257,20,25,27,29,31,33,35,37,39,41,43,45,47,49,51,53,55,57,59,61,63,0.000580832,0.000580009,0.000579192,0.00057838,0.000577573,0.000576771,0.000575974,0.000575182,0.000574396,0.000573615,0.000572838,0.000572067,0.000571301,0.000570539,0.000569783,0.000569031,0.000568284,0.000567542,0.000566805,0.000566072,-0.197060484,-0.196235623,-0.195384545,-0.194512802,-0.193625082,-0.192725338,-0.191816911,-0.190902618,-0.189984837,-0.189065575,-0.188146522,-0.1872291,-0.186314507,-0.185403746,-0.184497656,-0.183596939,-0.182702176,-0.181813847,-0.180932347,-0.180057997,-0.129475528,-0.13100459,-0.132732017,-0.134683341,-0.136885459,-0.139366767,-0.142157269,-0.145288691,-0.148794578,-0.152710382,-0.157073548,-0.161923579,-0.167302093,-0.173252866,-0.179821861,-0.187057226,-0.195009283,-0.203730481,-0.213275323,-0.223700257,TRUE,2,279,0.135144946,0.540579785,1.00E-06,17.74711704,0.34363919,15.63724191,1,0,1,0.000257859,-0.000411056,9.99E-05,-0.007294928,0.002624176,0,1000,298.15,0.491802032,1.244705006,3.74E-19,17.54009155,0.002520831,-3,0.129209189,0.616159314,0.000338959,1.472942943,-0.002625953,86.33,1.192,62.16928194,1.003011586,62.35651007,79.25567713,0.968583168,59.26821225,0.810229791,48.02087122,72.97916059,0.245668091,62.76462417,0.183502156,11.51744384,43.84066761,0.000451673,43.93385834,-0.192917405,48.45383856,-0.193541691,20,25,27,29,31,33,35,37,39,41,43,45,47,49,51,53,55,57,59,61,63,0.000457147,0.000456554,0.000455964,0.000455377,0.000454792,0.00045421,0.000453631,0.000453055,0.000452482,0.000451911,0.000451344,0.000450778,0.000450216,0.000449656,0.000449099,0.000448545,0.000447994,0.000447445,0.000446898,0.000446355,-0.2024946,-0.201569217,-0.200604289,-0.199610351,-0.198595754,-0.197567124,-0.196529715,-0.195487698,-0.194444376,-0.193402369,-0.192363745,-0.191330137,-0.190302826,-0.189282813,-0.188270874,-0.187267606,-0.186273458,-0.185288765,-0.184313766,-0.183348626,-0.1400202,-0.141484718,-0.143269148,-0.145436324,-0.148055149,-0.151201478,-0.154958961,-0.159419859,-0.16468579,-0.170868401,-0.178089905,-0.18648345,-0.196193251,-0.207374404,-0.220192319,-0.234821661,-0.251444723,-0.270249133,-0.291424814,-0.315160139
HIT,HIT05662,1000,25,50.98,5.584,42.17,5.181,218.48277,800,50,47.3,4.516,38.66,4.182,161.67612,200,25,47.69,1.132,40.32,1.056,42.57792,0.001887395,-0.130176,-0.72044,96,7,TRUE,1.3,1200,0.311872953,0.810869677,1.00E-06,0.624419438,0.580052025,0.640091415,1,0.001345141,0.008957404,0.022367805,0,1000,298.15,0.561287328,5.598218986,2.01E-12,0.615173967,0.004139284,1,0,1,0.001887395,1,0.00263105,50.98,5.584,42.16953142,5.181057577,218.4827703,47.77150358,4.506518697,39.21628139,4.163419544,163.2738324,50.98,1.11907388,44.50788495,1.041445036,46.35251585,44.17325403,0.001843112,43.79172962,-0.121683179,47.72525572,-0.890257136,20,25,27,29,31,33,35,37,39,41,43,45,47,49,51,53,55,57,59,61,63,0.001845285,0.001845064,0.001844841,0.001844617,0.001844392,0.001844166,0.001843938,0.001843709,0.00184348,0.001843249,0.001843016,0.001842783,0.001842548,0.001842312,0.001842075,0.001841836,0.001841596,0.001841355,0.001841113,0.00184087,-0.127671598,-0.127037803,-0.126399494,-0.125758593,-0.125116694,-0.124475122,-0.12383497,-0.123197146,-0.122562395,-0.121931334,-0.121304466,-0.120682201,-0.12006487,-0.119452739,-0.11884602,-0.118244876,-0.117649431,-0.117059778,-0.11647598,-0.115898077,-0.709427098,-0.71557097,-0.723051715,-0.732030373,-0.742671514,-0.755144215,-0.769623607,-0.786293187,-0.805348017,-0.826998817,-0.851476823,-0.879039166,-0.909974378,-0.944607615,-0.983305151,-1.026477732,-1.074582483,-1.128123131,-1.187648376,-1.253748343,TRUE,1.3,394,0.311872953,0.810869677,1.00E-06,0.765125656,0.561287328,0.615173967,1,0,1,3.37E-13,2.52E-13,-8.37E-14,-6.35E-12,5.09E-12,0,1000,298.15,0.679969324,5.605292262,4.71E-15,0.755698647,0.005045773,-1.20860892,0.258728963,1.26278316,0.001958159,1.23534297,0.002985441,50.98,5.584,42.17,5.181,218.48277,46.93147117,4.510201156,38.66,4.182,161.67612,45.78121987,1.120689245,40.32,1.056,42.57792,44.19549592,0.001883238,43.79685014,-0.123854755,48.5401321,-0.969882176,20,25,27,29,31,33,35,37,39,41,43,45,47,49,51,53,55,57,59,61,63,0.001887395,0.001886973,0.001886548,0.001886121,0.001885691,0.001885259,0.001884824,0.001884387,0.001883947,0.001883504,0.001883059,0.001882611,0.00188216,0.001881707,0.001881251,0.001880792,0.001880331,0.001879867,0.0018794,0.00187893,-0.130176,-0.129515721,-0.128846731,-0.128172168,-0.12749456,-0.126815943,-0.12613795,-0.125461896,-0.124788833,-0.124119601,-0.123454868,-0.122795163,-0.122140899,-0.121492397,-0.120849901,-0.120213594,-0.119583608,-0.118960032,-0.118342923,-0.117732309,-0.72044,-0.72704531,-0.735346698,-0.745597639,-0.758061383,-0.77301742,-0.790771074,-0.811666397,-0.836101817,-0.864547292,-0.897561269,-0.935805637,-0.980057086,-1.031213726,-1.090296175,-1.158442589,-1.236897005,-1.326990203,-1.430111898,-1.547672897
HIT,HIT05667,1000,25,50.21,5.532,41.43,5.177,214.48311,800,50,46.42,4.441,37.94,4.115,156.1231,200,25,46.9,1.126,40.15,1.041,41.79615,0.001906985,-0.133632497,-0.734821296,84,7,TRUE,1.2,1200,0.386128418,0.926708202,1.00E-06,0.616440766,0.554017393,0.605519067,1,0.00010667,-0.00045826,0.011426628,0,1000,298.15,0.554840516,5.541523417,4.30E-12,0.610175682,0.002821342,1,0,1,0.001906985,1,0.001943368,50.21,5.532,41.42996281,5.177004647,214.48311,46.84875534,4.464903191,38.37567303,4.155829182,159.4827419,50.21,1.107923222,43.74393666,1.04076706,45.52724837,44.13034703,0.001884409,43.77743782,-0.127422897,47.90587146,-0.939972077,20,25,27,29,31,33,35,37,39,41,43,45,47,49,51,53,55,57,59,61,63,0.001885232,0.001885147,0.001885063,0.001884977,0.001884892,0.001884806,0.00188472,0.001884633,0.001884546,0.001884459,0.001884371,0.001884283,0.001884195,0.001884107,0.001884018,0.001883928,0.001883838,0.001883748,0.001883658,0.001883567,-0.133770154,-0.133095828,-0.132417297,-0.131736563,-0.131055279,-0.130374807,-0.129696268,-0.129020585,-0.128348511,-0.127680664,-0.127017544,-0.126359556,-0.125707023,-0.125060202,-0.124419293,-0.123784447,-0.123155779,-0.122533367,-0.121917264,-0.121307499,-0.736316816,-0.74276718,-0.750708265,-0.760327429,-0.771820368,-0.785392664,-0.801261913,-0.819660635,-0.840840025,-0.865074565,-0.89266732,-0.923955659,-0.959317007,-0.999174199,-1.043999998,-1.094320356,-1.150716106,-1.213822809,-1.28432857,-1.362969657,TRUE,1.2,200,0.386128418,0.926708202,1.00E-06,0.296471279,0.554840516,0.610175682,1,0,1,-0.000961781,0.001746515,-0.000573829,0.021001818,-0.007598904,0,1000,298.15,0.386128418,5.53280284,2.09E-08,0.294821306,0.000492241,0.357232906,0.549232017,0.71858114,0.001906396,0.676631146,-0.001080342,50.21,5.532,41.43044173,5.176944808,214.4831102,46.441196,4.463894878,37.94707962,4.134652321,156.8979808,47.52516927,1.106539696,40.13516033,1.033808403,41.49206601,47.72791076,0.001906954,43.75138626,-0.12774884,47.2679092,-0.88116847,20,25,27,29,31,33,35,37,39,41,43,45,47,49,51,53,55,57,59,61,63,0.001906985,0.001906983,0.001906981,0.001906979,0.001906977,0.001906975,0.001906973,0.00190697,0.001906967,0.001906964,0.00190696,0.001906956,0.001906951,0.001906946,0.00190694,0.001906933,0.001906925,0.001906916,0.001906906,0.001906894,-0.133632497,-0.132995041,-0.132358357,-0.131723251,-0.131090407,-0.130460415,-0.129833772,-0.129210903,-0.128592168,-0.127977867,-0.127368256,-0.126763542,-0.126163899,-0.125569469,-0.124980362,-0.124396668,-0.123818453,-0.123245764,-0.122678635,-0.122117083,-0.734821296,-0.74094523,-0.748124193,-0.756454227,-0.766036593,-0.77697816,-0.789391772,-0.803396616,-0.819118578,-0.836690606,-0.856253065,-0.877954105,-0.901950032,-0.928405683,-0.957494822,-0.989400526,-1.024315595,-1.062442954,-1.103996058,-1.149199289
aSiTandem,aSiTandem72-46,1000,25,59.86,1.067,44.48,0.863,38.38624,800,50,53.95,0.86,40.74,0.706,28.76244,200,25,54.4,0.19,42.22,0.151,6.37522,0.000838957,-0.205004896,-0.092883002,108,1,TRUE,2,100,0.180193262,0.720773046,1.00E-06,10.09650951,0.434264175,9.8846485,1,-0.012312417,0.009192479,-0.313307593,0,1000,298.15,0.414104554,1.1048501,1.52E-11,9.664904661,0.003670329,1,0,1,0.000838957,1,-0.007730822,59.86,1.067,44.52227742,0.862185283,38.38645234,54.82135172,0.880073069,41.74673296,0.716923405,29.92920994,59.86,0.219413353,50.34429468,0.175811648,8.85111342,43.52028416,0.001059954,44.46945389,-0.193089778,47.82660545,-0.12866105,20,25,27,29,31,33,35,37,39,41,43,45,47,49,51,53,55,57,59,61,63,0.001092804,0.001089041,0.001085331,0.001081675,0.001078071,0.001074519,0.001071018,0.001067567,0.001064166,0.001060814,0.00105751,0.001054254,0.001051045,0.001047882,0.001044765,0.001041694,0.001038666,0.001035682,0.001032742,0.001029844,-0.20082187,-0.200265274,-0.199621135,-0.198906452,-0.198135231,-0.197319014,-0.196467322,-0.195588008,-0.194687554,-0.193771314,-0.192843709,-0.191908393,-0.190968384,-0.190026172,-0.189083816,-0.188143011,-0.187205152,-0.186271385,-0.18534265,-0.184419711,-0.080817264,-0.082988664,-0.085372568,-0.088014228,-0.090962906,-0.094272388,-0.098001519,-0.102214734,-0.106982598,-0.112382355,-0.118498479,-0.125423235,-0.133257238,-0.142110025,-0.152100608,-0.163358031,-0.176021892,-0.19024284,-0.206183012,-0.224016407,TRUE,2,347,0.180193262,0.720773046,1.00E-06,11.78173643,0.414104554,9.664904661,1,0,1,1.73E-11,7.71E-12,-6.46E-13,-3.16E-12,1.55E-12,0,1000,298.15,0.584650744,1.115900051,5.55E-16,11.48631644,0.003989919,-2.519613575,0.172678669,0.577590187,0.000587357,1.44777567,-0.005931474,59.86,1.067,44.48,0.863,38.38624,53.23489219,0.87521547,40.74,0.706,28.76244,49.84174812,0.220163706,42.22,0.151,6.37522,43.63918688,0.000813664,44.20028401,-0.195901711,49.01307495,-0.168510928,20,25,27,29,31,33,35,37,39,41,43,45,47,49,51,53,55,57,59,61,63,0.000838957,0.000836118,0.000833311,0.000830533,0.000827785,0.000825067,0.000822379,0.000819719,0.000817089,0.000814487,0.000811913,0.000809367,0.000806849,0.000804359,0.000801895,0.000799458,0.000797049,0.000794665,0.000792307,0.000789976,-0.205004896,-0.204312821,-0.203511232,-0.202628308,-0.201685643,-0.200699793,-0.199683462,-0.198646405,-0.197596114,-0.196538349,-0.195477536,-0.194417072,-0.193359562,-0.192306998,-0.191260896,-0.190222405,-0.189192386,-0.188171478,-0.187160144,-0.186158715,-0.092883002,-0.09487376,-0.097206464,-0.099977624,-0.103295937,-0.107284479,-0.112082955,-0.117850036,-0.124765784,-0.13303415,-0.142885472,-0.154578888,-0.168404494,-0.184685046,-0.203776926,-0.226070057,-0.251986378,-0.28197647,-0.31651388,-0.356086758
aSiTandem,aSiTandem90-31,1000,25,60.59,1.135,45.02,0.91,40.9682,800,50,54.59,0.913,41.2,0.75,30.9,200,25,55.3,0.204,42.78,0.163,6.97314,0.000945271,-0.2089981,-0.090222,108,1,TRUE,2,76,0.180193262,0.720773046,1.00E-06,9.666249215,0.432654891,9.530749367,1,-0.010209948,0.007622466,-0.361871314,0,1000,298.15,0.406887714,1.17760858,1.83E-11,9.232952292,0.004065937,1,0,1,0.000945271,1,-0.008860954,60.59,1.135,45.05406256,0.909315155,40.9683419,55.44247384,0.938409516,42.31044317,0.7587014,32.10099248,60.59,0.233766569,50.9055968,0.185466139,9.441264488,43.45099366,0.001226777,44.54217861,-0.197462097,47.7212131,-0.127168759,20,25,27,29,31,33,35,37,39,41,43,45,47,49,51,53,55,57,59,61,63,0.001274961,0.001269375,0.001263881,0.001258477,0.001253161,0.001247932,0.001242789,0.001237731,0.001232755,0.001227862,0.001223049,0.001218316,0.00121366,0.001209082,0.001204579,0.001200151,0.001195796,0.001191513,0.001187302,0.00118316,-0.205176078,-0.204653664,-0.204033618,-0.203334733,-0.202572494,-0.201759663,-0.200906761,-0.200022468,-0.199113949,-0.198187118,-0.197246863,-0.196297219,-0.195341521,-0.194382526,-0.193422507,-0.192463342,-0.191506575,-0.190553478,-0.189605094,-0.188662273,-0.075437505,-0.077970159,-0.080713776,-0.083714264,-0.087021908,-0.090691911,-0.094784962,-0.099367824,-0.104513936,-0.110304041,-0.116826825,-0.12417958,-0.132468888,-0.141811316,-0.152334127,-0.164176006,-0.177487781,-0.192433146,-0.209189351,-0.227947874,TRUE,2,276,0.180193262,0.720773046,1.00E-06,11.7343605,0.406887714,9.232952292,1,0,1,7.96E-05,-0.00013972,3.34E-05,-0.002275388,0.000831306,0,1000,298.15,0.641135686,1.19351131,1.24E-17,11.45616727,0.004499918,-3,0.069830403,0.641924911,0.000617253,1.619522944,-0.006438904,60.59,1.135,45.01981228,0.910003794,40.96820001,53.82078414,0.932248904,41.21286807,0.747887819,30.82260202,50.31105074,0.234851544,42.78420574,0.163782733,7.007314157,43.61195282,0.00090985,44.17566019,-0.199560365,49.26694079,-0.181936159,20,25,27,29,31,33,35,37,39,41,43,45,47,49,51,53,55,57,59,61,63,0.000945271,0.000941277,0.00093733,0.000933428,0.000929571,0.000925759,0.000921991,0.000918268,0.000914587,0.00091095,0.000907355,0.000903802,0.00090029,0.00089682,0.000893391,0.000890001,0.000886652,0.000883342,0.000880071,0.000876839,-0.2089981,-0.208306578,-0.207484721,-0.206568652,-0.205585301,-0.204554764,-0.203492041,-0.202408346,-0.201312062,-0.200209462,-0.199105236,-0.198002887,-0.196905028,-0.195813597,-0.194730026,-0.193655362,-0.192590362,-0.19153556,-0.190491323,-0.189457889,-0.090222,-0.092415106,-0.094991277,-0.098069388,-0.101785415,-0.106295718,-0.111780526,-0.118447668,-0.126536563,-0.136322435,-0.148120651,-0.162290968,-0.179241406,-0.199431302,-0.223373017,-0.251631593,-0.284821594,-0.323600213,-0.368655748,-0.420690595
aSiTriple,aSiTriple28324,1000,25,23.02,4.584,16.37,3.667,60.02879,800,50,20.29,3.698,14.83,3.037,45.03871,200,25,20.6,0.801,15.92,0.656,10.44352,0.004391411,-0.097994617,-0.177085574,48,6,TRUE,2,312,0.405434839,1.621739354,1.00E-06,1.077453948,0.942147257,1.029338262,1,0.002175217,-0.008527499,-0.390430438,0,1000,298.15,0.941454869,4.785794384,1.48E-09,1.04183565,0.042253722,1,0,1,0.004391411,1,-0.009454538,23.02,4.584,16.36923655,3.667171066,60.02879064,20.5390117,3.810516397,15.03826318,3.078110542,46.28943643,23.02,0.948805322,18.96469779,0.755098928,14.32022296,43.42619028,0.00578041,44.66153095,-0.095289619,47.97563187,-0.287220641,20,25,27,29,31,33,35,37,39,41,43,45,47,49,51,53,55,57,59,61,63,0.006033657,0.006004166,0.00597518,0.005946693,0.005918696,0.005891181,0.00586414,0.005837566,0.00581145,0.005785785,0.005760562,0.005735774,0.005711413,0.005687471,0.00566394,0.005640811,0.005618077,0.005595728,0.005573755,0.005552151,-0.09893723,-0.09873438,-0.098468804,-0.098153308,-0.097798259,-0.097412052,-0.097001486,-0.096572071,-0.096128278,-0.09567373,-0.095211372,-0.094743594,-0.094272336,-0.093799176,-0.093325391,-0.092852021,-0.092379906,-0.091909724,-0.091442022,-0.090977241,-0.160059383,-0.165662389,-0.171813593,-0.178635457,-0.186263124,-0.194845973,-0.204549225,-0.215555616,-0.228067108,-0.242306652,-0.258519976,-0.27697739,-0.297975579,-0.321839339,-0.348923215,-0.379612966,-0.414326791,-0.4535162,-0.49766645,-0.547296396,TRUE,2,378,0.405434839,1.621739354,1.00E-06,1.296372468,0.941454869,1.04183565,1,0,1,2.74E-05,-4.86E-05,1.10E-05,-0.000655371,0.00022871,0,1000,298.15,1.554351161,4.870312272,1.08E-15,1.271074175,0.04913879,-2.999999987,0.367880728,0.608290598,0.002668259,1.672369646,-0.006976422,23.02,4.584,16.36999326,3.667001509,60.02879,19.93259081,3.789712483,14.83036959,3.036400933,45.03094805,18.7655175,0.961580956,15.92019824,0.656213912,10.44705557,43.58716971,0.004192773,44.20376799,-0.093584495,49.38456703,-0.40476447,20,25,27,29,31,33,35,37,39,41,43,45,47,49,51,53,55,57,59,61,63,0.004391411,0.00436892,0.004346705,0.004324763,0.004303091,0.004281686,0.004260545,0.004239665,0.004219043,0.004198678,0.004178565,0.004158702,0.004139087,0.004119716,0.004100588,0.004081698,0.004063046,0.004044627,0.004026439,0.004008481,-0.097994617,-0.097711668,-0.097347149,-0.096925452,-0.096464143,-0.095975881,-0.095469798,-0.094952483,-0.094428701,-0.093901894,-0.093374551,-0.092848469,-0.09232494,-0.091804891,-0.091288979,-0.090777667,-0.090271271,-0.089770005,-0.089274001,-0.088783336,-0.177085574,-0.181817248,-0.187474368,-0.194363893,-0.202841557,-0.213321759,-0.226288131,-0.242304611,-0.262026606,-0.286211443,-0.315726846,-0.351555676,-0.394794648,-0.446644241,-0.508386687,-0.581348899,-0.666847769,-0.766116599,-0.880213875,-1.009918977
aSiTriple,aSiTriple28325,1000,25,23.19,4.431,16.71,3.548,59.28708,800,50,20.47,3.583,15.08,2.918,44.00344,200,25,20.86,0.789,16.08,0.647,10.40376,0.004486067,-0.0944381,-0.1840284,48,6,TRUE,2,312,0.405434839,1.621739354,1.00E-06,1.070248321,0.963355459,1.018075459,1,-0.004057331,0.007367013,-0.250843077,0,1000,298.15,0.971325567,4.617817027,6.06E-10,1.031997259,0.040854137,1,0,1,0.004486067,1,-0.007035999,23.19,4.431,16.71143425,3.54769563,59.28708227,20.85915046,3.679875862,15.34861632,2.974788112,45.65888137,23.19,0.915840787,19.21901657,0.728204074,13.99536616,43.5754964,0.005438244,44.68936754,-0.089566084,48.0987348,-0.277504276,20,25,27,29,31,33,35,37,39,41,43,45,47,49,51,53,55,57,59,61,63,0.005565841,0.005551353,0.005537052,0.005522934,0.005508997,0.00549524,0.005481659,0.005468253,0.005455019,0.005441955,0.005429058,0.005416327,0.005403757,0.005391348,0.005379096,0.005366998,0.005355051,0.005343253,0.0053316,0.005320088,-0.092941114,-0.092754462,-0.092510229,-0.092219902,-0.091892827,-0.091536615,-0.091157463,-0.09076042,-0.090349603,-0.089928372,-0.089499469,-0.089065131,-0.088627188,-0.088187132,-0.087746183,-0.087305334,-0.086865397,-0.086427031,-0.08599077,-0.085557046,-0.165730936,-0.170156917,-0.175101707,-0.180686732,-0.187043751,-0.194316339,-0.202661352,-0.212250364,-0.223271065,-0.235928626,-0.250447,-0.267070148,-0.286063136,-0.307713065,-0.332329766,-0.360246175,-0.391818313,-0.427424749,-0.467465456,-0.51235993,TRUE,2,97,0.405434839,1.621739354,1.00E-06,0.967129674,0.971325567,1.031997259,1,0,1,1.91E-12,1.69E-12,-8.22E-14,1.26E-13,5.55E-15,0,1000,298.15,0.807367055,4.586425669,2.74E-08,0.924960031,0.037922417,-0.505493318,0.576306102,0.594309704,0.003338894,0.82804447,-0.008393789,23.19,4.431,16.71,3.548,59.28708,20.34963571,3.655851978,15.08,2.918,44.00344,19.97964728,0.912421166,16.08,0.647,10.40376,43.50754609,0.004325508,44.56474954,-0.090986765,47.59251944,-0.28378851,20,25,27,29,31,33,35,37,39,41,43,45,47,49,51,53,55,57,59,61,63,0.004486067,0.00446759,0.004449397,0.004431483,0.004413843,0.004396474,0.004379369,0.004362524,0.004345934,0.004329593,0.004313497,0.004297639,0.004282013,0.004266614,0.004251436,0.00423647,0.00422171,0.004207149,0.004192778,0.004178587,-0.0944381,-0.094198299,-0.093918297,-0.093605353,-0.093265536,-0.092903923,-0.09252476,-0.0921316,-0.091727418,-0.091314704,-0.090895546,-0.09047169,-0.090044601,-0.089615506,-0.08918543,-0.088755233,-0.088325633,-0.08789723,-0.087470523,-0.087045926,-0.1840284,-0.188817468,-0.194065304,-0.199859254,-0.206293664,-0.213470682,-0.22150106,-0.230504946,-0.240612678,-0.25196556,-0.26471663,-0.279031406,-0.295088613,-0.313080868,-0.333215333,-0.3557143,-0.380815708,-0.408773556,-0.439858211,-0.474356554
mSi,mSi0166,1000,25,22.07,2.741,18.26,2.532,46.23432,800,50,20.01,2.209,16.29,2.009,32.72661,200,25,20.26,0.547,16.65,0.487,8.10855,0.00137338,-0.073005317,-0.189180077,48,3,TRUE,1.1,86,0.737154252,1.621739354,1.00E-06,0.456919144,1.199842632,0.49429495,1,0.000405307,-0.000987312,0.017031108,0,1000,298.15,1.137684927,2.746610437,3.30E-11,0.447748179,0.004571448,1,0,1,0.00137338,1,0.003667995,22.07,2.741,18.25986092,2.532019287,46.23432003,20.2333082,2.220770234,16.49782473,2.038905437,33.63750454,22.07,0.549097303,19.08262597,0.50875326,9.708348166,44.24709626,0.001348333,43.87512386,-0.069721032,47.84150565,-0.256288941,20,25,27,29,31,33,35,37,39,41,43,45,47,49,51,53,55,57,59,61,63,0.001350038,0.001349866,0.001349693,0.001349519,0.001349344,0.001349167,0.001348989,0.00134881,0.00134863,0.001348448,0.001348264,0.00134808,0.001347894,0.001347706,0.001347517,0.001347327,0.001347135,0.001346942,0.001346747,0.00134655,-0.073150002,-0.07280207,-0.072446496,-0.072085409,-0.071720543,-0.071353315,-0.070984881,-0.070616183,-0.07024799,-0.069880927,-0.069515503,-0.069152128,-0.068791135,-0.068432788,-0.068077299,-0.067724835,-0.067375526,-0.067029471,-0.066686741,-0.066347391,-0.189917151,-0.192089601,-0.19473731,-0.197928117,-0.201730251,-0.206212336,-0.21144371,-0.21749527,-0.224441021,-0.232360407,-0.241341365,-0.251483923,-0.262903973,-0.275736852,-0.290140259,-0.306296176,-0.324411479,-0.344717092,-0.367465554,-0.392926978,TRUE,1.1,193,0.737154252,1.621739354,1.00E-06,0.16596879,1.137684927,0.447748179,1,0,1,-0.000918248,0.001760003,-0.000482681,0.015143519,-0.002465055,0,1000,298.15,0.80637718,2.741858587,5.04E-08,0.16027863,0.001954289,0.002248003,3,0.054240492,0.001374799,0.690169377,0.001148517,22.07,2.741,18.26040774,2.531943473,46.23432018,19.93001816,2.220620631,16.2967246,2.023152771,32.97076354,20.01443188,0.548370458,16.6453477,0.48467074,8.067512984,47.28154756,0.001373321,43.8550774,-0.069805327,47.40482118,-0.239181089,20,25,27,29,31,33,35,37,39,41,43,45,47,49,51,53,55,57,59,61,63,0.00137338,0.001373376,0.001373372,0.001373368,0.001373364,0.001373359,0.001373354,0.001373349,0.001373343,0.001373337,0.00137333,0.001373322,0.001373314,0.001373305,0.001373294,0.001373282,0.001373269,0.001373254,0.001373236,0.001373216,-0.073005317,-0.072671168,-0.072333836,-0.071994295,-0.071653377,-0.071311793,-0.070970145,-0.070628951,-0.070288647,-0.069949606,-0.069612142,-0.069276523,-0.068942973,-0.068611681,-0.068282803,-0.067956471,-0.067632791,-0.06731185,-0.066993719,-0.066678452,-0.189180077,-0.191189247,-0.193545652,-0.196288173,-0.199457668,-0.2030971,-0.20725165,-0.211968795,-0.217298363,-0.223292574,-0.230006062,-0.237495887,-0.245821547,-0.25504499,-0.265230649,-0.276445485,-0.288759079,-0.302243746,-0.316974711,-0.333030318
mSi,mSi0188,1000,25,22.07,2.75,18.15,2.53,45.9195,800,50,19.98,2.205,16.15,2.005,32.38075,200,25,20.28,0.548,16.69,0.489,8.16141,0.001163429,-0.072795991,-0.189502493,48,3,TRUE,1.2,44,0.675724731,1.621739354,1.00E-06,0.506384075,1.188276051,0.532794923,1,0.000528521,-0.001309654,0.018941259,0,1000,298.15,1.139392552,2.757039176,3.17E-11,0.496180233,0.005158812,1,0,1,0.001163429,1,0.002707527,22.07,2.75,18.14981716,2.530025489,45.91950004,20.23736345,2.224026701,16.43104291,2.03448459,33.4287036,22.07,0.551125692,19.05984569,0.508651251,9.694814354,44.18734449,0.001140279,43.84580968,-0.069530677,48.03590019,-0.257412989,20,25,27,29,31,33,35,37,39,41,43,45,47,49,51,53,55,57,59,61,63,0.001141448,0.001141329,0.00114121,0.001141089,0.001140968,0.001140847,0.001140724,0.001140601,0.001140478,0.001140353,0.001140228,0.001140103,0.001139976,0.001139849,0.001139721,0.001139592,0.001139463,0.001139332,0.001139201,0.001139069,-0.072984618,-0.072629746,-0.072268535,-0.071902891,-0.071534367,-0.071164229,-0.070793508,-0.070423045,-0.070053522,-0.069685495,-0.069319412,-0.068955634,-0.068594453,-0.068236099,-0.067880755,-0.067528564,-0.067179634,-0.066834046,-0.066491861,-0.066153116,-0.1903185,-0.192400877,-0.194952005,-0.198040128,-0.201735601,-0.206111362,-0.211243714,-0.217213557,-0.22410817,-0.232023546,-0.241067194,-0.251361204,-0.263045313,-0.276279633,-0.291246751,-0.30815292,-0.327228141,-0.348724991,-0.372916086,-0.400090096,TRUE,1.2,224,0.675724731,1.621739354,1.00E-06,0.08001822,1.139392552,0.496180233,1,0,1,-0.00061695,0.001140917,-0.000287402,0.008586915,-0.001171735,0,1000,298.15,0.702119631,2.750243155,5.08E-07,0.076186899,0.001160181,0.279129493,3,-0.09130932,0.001160896,0.591567985,-0.01087226,22.07,2.75,18.15030474,2.529957528,45.91950009,19.98502399,2.223333968,16.15463892,2.012978019,32.51893306,20.35824107,0.55004818,16.6877073,0.487895368,8.141855101,43.71986018,0.001162939,43.8018291,-0.069664726,47.30051264,-0.235178239,20,25,27,29,31,33,35,37,39,41,43,45,47,49,51,53,55,57,59,61,63,0.001163429,0.001163373,0.001163318,0.001163264,0.001163211,0.001163159,0.001163107,0.001163057,0.001163006,0.001162957,0.001162908,0.001162859,0.00116281,0.001162762,0.001162714,0.001162666,0.001162618,0.00116257,0.001162521,0.001162472,-0.072795991,-0.072461751,-0.072126622,-0.071791185,-0.071455942,-0.071121324,-0.070787702,-0.070455395,-0.070124675,-0.069795777,-0.069468898,-0.069144208,-0.068821848,-0.068501939,-0.068184579,-0.067869851,-0.067557822,-0.067248546,-0.066942064,-0.066638408,-0.189502493,-0.19152897,-0.193856005,-0.196513799,-0.199534564,-0.202952725,-0.206805128,-0.211131251,-0.215973421,-0.221377044,-0.227390845,-0.234067115,-0.241461973,-0.249635641,-0.258652733,-0.268582552,-0.279499413,-0.291482969,-0.30461856,-0.318997578
mSi,mSi0247,1000,25,22.02,2.74,18.11,2.53,45.8183,800,50,19.96,2.216,16.15,2.02,32.623,200,25,20.21,0.547,16.65,0.485,8.07525,0.001222183,-0.07238,-0.1870866,48,3,TRUE,1.2,124,0.675724731,1.621739354,1.00E-06,0.506357342,1.189227596,0.530107492,1,0.000329681,-0.00082441,0.01416726,0,1000,298.15,1.144437992,2.74626761,3.01E-11,0.497320239,0.004599549,1,0,1,0.001222183,1,0.002316559,22.02,2.74,18.10988679,2.530015816,45.81830002,20.1995366,2.217158523,16.41229247,2.034969935,33.39852175,22.02,0.549002359,19.02253463,0.508646297,9.675741799,44.16542049,0.001204125,43.84842449,-0.069072732,48.09142408,-0.254790259,20,25,27,29,31,33,35,37,39,41,43,45,47,49,51,53,55,57,59,61,63,0.001204908,0.001204827,0.001204747,0.001204666,0.001204585,0.001204504,0.001204422,0.001204339,0.001204257,0.001204173,0.00120409,0.001204006,0.001203922,0.001203837,0.001203752,0.001203666,0.00120358,0.001203493,0.001203406,0.001203318,-0.07249937,-0.072147616,-0.07178949,-0.071426892,-0.071061373,-0.070694196,-0.070326392,-0.069958802,-0.069592108,-0.069226866,-0.068863525,-0.068502448,-0.068143926,-0.067788192,-0.067435429,-0.06708578,-0.066739357,-0.066396241,-0.066056492,-0.065720152,-0.187657559,-0.189699732,-0.192207362,-0.195249027,-0.1988961,-0.203223313,-0.208309604,-0.214239352,-0.22110409,-0.229004703,-0.238054026,-0.248379673,-0.260126868,-0.273460989,-0.288569556,-0.305663427,-0.32497699,-0.346767225,-0.371311509,-0.398904075,TRUE,1.2,176,0.675724731,1.621739354,1.00E-06,0.283830198,1.144437992,0.497320239,1,0,1,2.56E-13,-9.06E-14,-2.34E-14,1.60E-14,9.44E-15,0,1000,298.15,0.871787015,2.741945574,1.24E-08,0.277240813,0.002561164,-0.121941487,0.794768277,0.177713197,0.001223322,0.746415505,0.000138688,22.02,2.74,18.11,2.53,45.8183,19.88431719,2.216751398,16.15,2.02,32.623,19.88960418,0.548307722,16.65,0.485,8.07525,49.22463342,0.001222161,43.83400984,-0.069126519,47.57418632,-0.238738162,20,25,27,29,31,33,35,37,39,41,43,45,47,49,51,53,55,57,59,61,63,0.001222183,0.001222182,0.001222182,0.001222181,0.00122218,0.001222178,0.001222177,0.001222175,0.001222173,0.001222171,0.001222168,0.001222165,0.001222161,0.001222157,0.001222151,0.001222145,0.001222137,0.001222128,0.001222117,0.001222104,-0.07238,-0.07203886,-0.071694691,-0.071348513,-0.07100119,-0.070653449,-0.070305907,-0.069959083,-0.069613413,-0.069269266,-0.068926951,-0.068586725,-0.068248803,-0.067913362,-0.067580548,-0.067250481,-0.066923257,-0.06659895,-0.066277621,-0.065959314,-0.1870866,-0.189026812,-0.19132797,-0.194032835,-0.197186596,-0.200837087,-0.20503498,-0.209833971,-0.215290976,-0.221466326,-0.22842399,-0.236231828,-0.244961865,-0.254690625,-0.265499487,-0.277475097,-0.290709803,-0.305302112,-0.321357154,-0.338987125
mSi,mSi0251,1000,25,22.01,2.74,18.03,2.532,45.65196,800,50,19.97,2.219,16.13,2.021,32.59873,200,25,20.21,0.547,16.62,0.482,8.01084,0.001328141,-0.0728862,-0.186003,48,3,TRUE,1.2,136,0.675724731,1.621739354,1.00E-06,0.53433633,1.178627698,0.552966924,1,0.000216879,-0.000546194,0.010878001,0,1000,298.15,1.140822565,2.746345571,3.30E-11,0.525754133,0.004404914,1,0,1,0.001328141,1,0.001792061,22.01,2.74,18.02992524,2.532010499,45.65196001,20.17788312,2.219339052,16.34444454,2.038241569,33.31392628,22.01,0.549014821,18.99478439,0.509235523,9.672818957,44.14177669,0.001313225,43.86424254,-0.069533801,48.1779591,-0.255267551,20,25,27,29,31,33,35,37,39,41,43,45,47,49,51,53,55,57,59,61,63,0.001313727,0.001313675,0.001313623,0.001313571,0.001313519,0.001313467,0.001313414,0.001313361,0.001313308,0.001313255,0.001313202,0.001313148,0.001313094,0.00131304,0.001312986,0.001312931,0.001312876,0.001312821,0.001312765,0.001312709,-0.072966519,-0.072616577,-0.072259488,-0.071897293,-0.071531657,-0.07116394,-0.070795249,-0.070426488,-0.070058393,-0.069691561,-0.069326479,-0.068963537,-0.068603052,-0.068245277,-0.067890411,-0.067538613,-0.067190004,-0.066844676,-0.066502697,-0.066164115,-0.186430251,-0.188480664,-0.190999272,-0.194056891,-0.197727981,-0.20209144,-0.207231671,-0.213240005,-0.220216532,-0.228272323,-0.237531946,-0.248136113,-0.260244238,-0.274036655,-0.289716276,-0.307509456,-0.327665919,-0.350457584,-0.376176193,-0.405129608,TRUE,1.2,311,0.675724731,1.621739354,1.00E-06,0.207401591,1.140822565,0.525754133,1,0,1,-1.18E-10,3.78E-10,-6.65E-11,2.50E-09,-2.58E-10,0,1000,298.15,0.775529149,2.740721707,1.05E-07,0.203727702,0.001292784,0.107593273,2.078880008,-0.230802341,0.001325999,0.659650193,-0.003461266,22.01,2.74,18.03,2.532,45.65196,19.89365861,2.218742232,16.13,2.021000002,32.59873004,20.07974466,0.548136967,16.62,0.482,8.010839996,45.62152605,0.001327958,43.83548781,-0.06970241,47.49781096,-0.234664425,20,25,27,29,31,33,35,37,39,41,43,45,47,49,51,53,55,57,59,61,63,0.001328141,0.001328125,0.001328109,0.001328092,0.001328075,0.001328058,0.001328041,0.001328023,0.001328004,0.001327985,0.001327965,0.001327944,0.001327921,0.001327898,0.001327873,0.001327846,0.001327816,0.001327785,0.001327751,0.001327713,-0.0728862,-0.072551017,-0.072213502,-0.071874485,-0.071534675,-0.071194679,-0.070855018,-0.070516133,-0.070178402,-0.069842148,-0.069507642,-0.069175116,-0.068844765,-0.068516752,-0.068191214,-0.067868264,-0.067547993,-0.067230478,-0.066915777,-0.066603938,-0.186003,-0.187969804,-0.190265641,-0.192926748,-0.195991842,-0.199502378,-0.203502819,-0.208040899,-0.213167897,-0.218938914,-0.225413155,-0.23265422,-0.240730399,-0.249714967,-0.259686493,-0.270729141,-0.282932976,-0.296394271,-0.311215802,-0.327507143
mSi,mSi460A8,1000,25,21.67,5.064,17.32,4.693,81.28276,800,50,19.61,4.144,15.4,3.787,58.3198,200,25,19.76,1.007,16.15,0.909,14.68035,0.00333024,-0.071276436,-0.337198792,48,6,TRUE,1.1,1200,0.737154252,1.621739354,1.00E-06,0.386464245,1.100450872,0.363233548,1,5.91E-05,-0.001090502,0.012021155,0,1000,298.15,1.160951848,5.077143683,5.85E-11,0.382981505,0.006777126,1,0,1,0.00333024,1,0.002388186,21.67,5.064,17.31998901,4.693002977,81.28276,19.87660173,4.119240278,15.72157701,3.790256947,59.58881648,21.67,1.014901898,18.61887632,0.946224602,17.61763884,44.18103473,0.003288442,43.93645735,-0.068152263,48.1572174,-0.461480849,20,25,27,29,31,33,35,37,39,41,43,45,47,49,51,53,55,57,59,61,63,0.00329031,0.00329012,0.003289928,0.003289735,0.003289542,0.003289347,0.003289152,0.003288956,0.003288758,0.00328856,0.003288361,0.00328816,0.003287958,0.003287756,0.003287552,0.003287346,0.00328714,0.003286932,0.003286722,0.00328651,-0.071431677,-0.071107686,-0.070773709,-0.070432239,-0.070085316,-0.069734608,-0.069381481,-0.069027051,-0.068672233,-0.068317776,-0.067964288,-0.067612269,-0.067262122,-0.066914174,-0.06656869,-0.066225881,-0.065885913,-0.065548918,-0.065214997,-0.064884226,-0.338501188,-0.342400138,-0.347117623,-0.352772188,-0.359487126,-0.367393193,-0.376632107,-0.387360755,-0.39975592,-0.414019149,-0.430381287,-0.449106183,-0.470493117,-0.494877567,-0.52263005,-0.55415282,-0.589874245,-0.630240676,-0.675705621,-0.726716034,TRUE,1.1,320,0.737154252,1.621739354,1.00E-06,0.461098751,1.160951848,0.382981505,1,0,1,2.27E-11,-3.47E-11,9.48E-12,-6.18E-10,1.76E-10,0,1000,298.15,1.426777232,5.085707249,1.82E-13,0.457157612,0.009376594,-1.581074461,0.164854229,0.483508607,0.003405323,1.241413167,0.002801266,21.67,5.064,17.32,4.693,81.28276,19.44167748,4.120280735,15.4,3.786999999,58.31979999,18.72916456,1.015608065,16.15,0.909,14.68035,44.18373525,0.003326113,43.93029232,-0.06789326,49.02349583,-0.509927207,20,25,27,29,31,33,35,37,39,41,43,45,47,49,51,53,55,57,59,61,63,0.00333024,0.00332982,0.003329398,0.003328973,0.003328546,0.003328116,0.003327684,0.00332725,0.003326814,0.003326374,0.003325933,0.003325489,0.003325042,0.003324593,0.003324142,0.003323688,0.003323231,0.003322772,0.00332231,0.003321846,-0.071276436,-0.070949552,-0.070608565,-0.070257279,-0.069898695,-0.069535182,-0.069168613,-0.068800466,-0.068431912,-0.068063873,-0.067697078,-0.067332098,-0.066969382,-0.066609279,-0.066252058,-0.065897927,-0.065547039,-0.06519951,-0.064855422,-0.06451483,-0.337198792,-0.341251473,-0.346306583,-0.352547464,-0.360172878,-0.369407715,-0.380516032,-0.393815254,-0.409689828,-0.4286025,-0.451101635,-0.477823394,-0.509487834,-0.54688794,-0.590870291,-0.642305736,-0.702048325,-0.770881186,-0.849449154,-0.938180134
mSi,mSi460BB,1000,25,21.69,5.098,17.22,4.694,80.83068,800,50,19.67,4.145,15.39,3.793,58.37427,200,25,19.88,1.015,16.41,0.924,15.16284,0.002747696,-0.071577,-0.3375464,48,6,TRUE,1.3,444,0.623745905,1.621739354,1.00E-06,0.413972344,1.110573853,0.391979131,1,0.000135897,-0.000619921,0.012091263,0,1000,298.15,1.159150789,5.115961213,5.94E-11,0.409609466,0.008601334,1,0,1,0.002747696,1,0.001310734,21.69,5.098,17.21997442,4.694006974,80.83068,19.89057815,4.135677966,15.67500644,3.783875889,59.31227894,21.69,1.022471771,18.60706129,0.947150854,17.623694,44.14421973,0.00271375,43.89284527,-0.068328255,48.25930087,-0.461922561,20,25,27,29,31,33,35,37,39,41,43,45,47,49,51,53,55,57,59,61,63,0.00271459,0.002714503,0.002714416,0.002714329,0.002714242,0.002714154,0.002714066,0.002713978,0.002713889,0.002713801,0.002713712,0.002713622,0.002713532,0.002713442,0.002713351,0.00271326,0.002713168,0.002713075,0.002712981,0.002712886,-0.071667189,-0.071330936,-0.070986468,-0.070635988,-0.070281296,-0.06992386,-0.069564882,-0.069205341,-0.068846037,-0.068487624,-0.068130632,-0.067775491,-0.06742255,-0.067072089,-0.066724332,-0.066379457,-0.066037601,-0.065698872,-0.065363351,-0.065031096,-0.338440195,-0.342138303,-0.346650406,-0.352099073,-0.358614979,-0.366339585,-0.375428307,-0.386054093,-0.398411249,-0.412719235,-0.429226109,-0.448211289,-0.469987296,-0.494900234,-0.523328739,-0.555681228,-0.592391219,-0.633910546,-0.68070024,-0.7332189,TRUE,1.3,392,0.623745905,1.621739354,1.00E-06,0.530005833,1.159150789,0.409609466,1,0,1,5.23E-05,-0.000101731,3.27E-05,-0.001840156,0.000702633,0,1000,298.15,1.621739333,5.131958019,2.57E-15,0.525374818,0.012678657,-1.84477522,0.166595523,0.702489913,0.002837526,1.422398371,0.002106361,21.69,5.098,17.21999242,4.694002067,80.83068,19.46932068,4.138382705,15.39054932,3.791266419,58.34967282,18.85256991,1.024706304,16.41019347,0.924675833,15.17410931,44.13717395,0.002744026,43.87744211,-0.068069395,49.4435675,-0.565255345,20,25,27,29,31,33,35,37,39,41,43,45,47,49,51,53,55,57,59,61,63,0.002747696,0.002747319,0.002746941,0.002746561,0.00274618,0.002745797,0.002745412,0.002745026,0.002744638,0.002744249,0.002743858,0.002743465,0.00274307,0.002742675,0.002742277,0.002741878,0.002741477,0.002741074,0.00274067,0.002740264,-0.071577,-0.071234668,-0.070877724,-0.070510549,-0.070136501,-0.069758159,-0.069377503,-0.068996054,-0.068614978,-0.068235169,-0.067857311,-0.067481922,-0.067109397,-0.066740027,-0.066374031,-0.066011565,-0.065652739,-0.065297627,-0.064946273,-0.064598699,-0.3375464,-0.341481528,-0.346571869,-0.353075752,-0.361291271,-0.371576526,-0.384372137,-0.400223342,-0.419798786,-0.44390343,-0.473483479,-0.509621075,-0.55351574,-0.606448406,-0.669722999,-0.744580788,-0.832084847,-0.93297675,-1.047515255,-1.175316519
xSi,xSi11246,1000,25,22.01,5.074,17.19,4.486,77.11434,800,50,19.96,4.105,15.57,3.644,56.73708,200,25,20.33,1.025,16.78,0.935,15.6893,0.00293139,-0.0750882,-0.2434442,48,6,TRUE,1.8,392,0.450483154,1.621739354,1.00E-06,0.502994663,1.100609789,0.479560567,1,0.000811681,-0.000611344,-0.114202434,0,1000,298.15,1.122216038,5.124038631,8.78E-11,0.491572103,0.020061699,1,0,1,0.00293139,1,-0.007268,22.01,5.074,17.18982706,4.486045134,77.11434006,20.1246265,4.130684558,15.90722246,3.649471149,58.05294943,22.01,1.022790421,18.76634935,0.907172518,17.0243164,43.52907369,0.003221486,44.02128934,-0.071746083,48.30193702,-0.357095857,20,25,27,29,31,33,35,37,39,41,43,45,47,49,51,53,55,57,59,61,63,0.003262893,0.003258155,0.003253484,0.003248879,0.00324434,0.003239864,0.003235453,0.003231103,0.003226815,0.003222588,0.003218421,0.003214313,0.003210263,0.00320627,0.003202334,0.003198453,0.003194628,0.003190856,0.003187137,0.00318347,-0.07511049,-0.074791992,-0.074458827,-0.07411437,-0.073761378,-0.073402105,-0.073038397,-0.072671763,-0.072303439,-0.071934437,-0.071565581,-0.071197549,-0.07083089,-0.070466051,-0.070103394,-0.069743213,-0.06938574,-0.069031163,-0.068679627,-0.068331246,-0.238788046,-0.24281636,-0.247484414,-0.252913716,-0.259239428,-0.266612176,-0.275199879,-0.285189587,-0.296789328,-0.310229964,-0.325767056,-0.343682739,-0.364287603,-0.387922572,-0.414960764,-0.445809312,-0.480911093,-0.520746328,-0.565833969,-0.616732799,TRUE,1.8,359,0.450483154,1.621739354,1.00E-06,0.335009561,1.122216038,0.491572103,1,0,1,-9.19E-06,2.19E-05,-3.92E-05,0.000288939,-0.000530399,0,1000,298.15,0.777917728,5.097147988,1.75E-07,0.323500917,0.014101937,0.358774549,-0.42832561,1.899960946,0.002632969,0.674275117,-0.013471568,22.01,5.074,17.19000255,4.485999335,77.11434,19.93737829,4.120709132,15.57003248,3.644264148,56.74131117,20.74667506,1.018994324,16.7796855,0.934506165,15.68071954,43.13606053,0.002866809,43.97070133,-0.071941742,47.14590745,-0.337112687,20,25,27,29,31,33,35,37,39,41,43,45,47,49,51,53,55,57,59,61,63,0.00293139,0.002923484,0.002915785,0.002908288,0.002900986,0.002893875,0.002886949,0.002880204,0.002873634,0.002867233,0.002860999,0.002854924,0.002849005,0.002843238,0.002837617,0.002832137,0.002826796,0.002821587,0.002816506,0.00281155,-0.0750882,-0.074772639,-0.074450414,-0.074122951,-0.073791474,-0.073457033,-0.073120529,-0.072782734,-0.072444309,-0.072105822,-0.071767758,-0.071430533,-0.0710945,-0.070759962,-0.070427175,-0.070096357,-0.069767692,-0.069441332,-0.069117408,-0.068796026,-0.2434442,-0.248670527,-0.254314131,-0.260436495,-0.267104493,-0.274390933,-0.282375123,-0.291143467,-0.300790098,-0.311417533,-0.323137362,-0.33607096,-0.350350239,-0.366118412,-0.383530792,-0.402755615,-0.423974888,-0.447385251,-0.473198871,-0.501644349
xSi,xSi12922,1000,25,22.05,5.116,17.63,4.66,82.1558,800,50,19.94,4.125,15.7,3.743,58.7651,200,25,20.38,1.029,17.04,0.939,16.00056,0.002361446,-0.074771324,-0.351341002,48,6,TRUE,1.5,1200,0.540579785,1.621739354,1.00E-06,0.388860362,1.134363347,0.384114139,1,0.000404497,-0.000733696,0.019379011,0,1000,298.15,1.124829743,5.138974743,8.26E-11,0.382367761,0.011744617,1,0,1,0.002361446,1,0.001530275,22.05,5.116,17.62992087,4.660020916,82.15580001,20.16993784,4.142944269,15.97778234,3.753654939,59.97508161,22.05,1.02687266,18.91355871,0.939592494,17.7710378,44.14093482,0.002314538,43.88319564,-0.071374116,48.26550751,-0.483525988,20,25,27,29,31,33,35,37,39,41,43,45,47,49,51,53,55,57,59,61,63,0.002315888,0.002315749,0.00231561,0.00231547,0.002315329,0.002315188,0.002315047,0.002314905,0.002314763,0.00231462,0.002314477,0.002314333,0.002314188,0.002314043,0.002313897,0.00231375,0.002313602,0.002313453,0.002313303,0.002313151,-0.074882495,-0.074528166,-0.074165437,-0.073796609,-0.073423557,-0.073047809,-0.072670609,-0.072292972,-0.071915723,-0.071539533,-0.071164946,-0.0707924,-0.070422252,-0.070054784,-0.069690222,-0.069328744,-0.068970488,-0.06861556,-0.068264037,-0.067915977,-0.352527385,-0.356449504,-0.361232189,-0.367008091,-0.373917587,-0.382111441,-0.391754065,-0.403027392,-0.416135222,-0.431307775,-0.448806075,-0.468925759,-0.491999868,-0.518400272,-0.548537406,-0.582858045,-0.621840902,-0.665989803,-0.715824199,-0.771866787,TRUE,1.5,123,0.540579785,1.621739354,1.00E-06,0.326474565,1.124829743,0.382367761,1,0,1,8.88E-15,-8.88E-16,1.44E-15,-8.88E-16,-1.22E-15,0,1000,298.15,0.969616565,5.131755262,2.55E-09,0.320315934,0.009614269,-0.033976053,-0.076589126,1.04244417,0.002381824,0.852908807,0.000831732,22.05,5.116,17.63,4.66,82.1558,19.91442559,4.142540468,15.7,3.743,58.7651,20.33986892,1.025683623,17.04,0.939,16.00056,44.89983268,0.002361092,43.88091804,-0.071362195,47.80452487,-0.460152771,20,25,27,29,31,33,35,37,39,41,43,45,47,49,51,53,55,57,59,61,63,0.002361446,0.002361412,0.002361377,0.002361343,0.002361308,0.002361273,0.002361237,0.002361201,0.002361165,0.002361128,0.00236109,0.002361051,0.002361011,0.002360969,0.002360926,0.002360881,0.002360833,0.002360783,0.002360728,0.00236067,-0.074771324,-0.074422689,-0.074067886,-0.073708584,-0.073346173,-0.072981812,-0.072616464,-0.072250932,-0.071885883,-0.071521869,-0.071159351,-0.070798707,-0.07044025,-0.070084236,-0.069730875,-0.069380334,-0.06903275,-0.068688229,-0.068346856,-0.068008692,-0.351341002,-0.355157133,-0.359716599,-0.365118312,-0.371466051,-0.378869447,-0.387445107,-0.397317921,-0.408622562,-0.421505157,-0.436125076,-0.452656751,-0.471291401,-0.492238546,-0.515727154,-0.542006312,-0.571345278,-0.604032833,-0.64037584,-0.680696932
